archiepiscopate,high bishop
argumentative,opposite views
astringency,sharp taste
asymptomatically,symptoms of illness
athletically,good at sports
attractivity,degree of influence
autoimmunity,antibodies
autotransplant,organs
bachelorette,unmarried woman
bicuspidate,two points
abandoned, empty
able, can do
aboard, on ship
about, almost
above, on top
abroad, foreign
absence, away
absent, away
absolute, universally valid
absolutely, certain
absorbed, engrossed
abstract, thought
academy, study
acceptable, agreed
acceptance, Agreement
accepting, undertake
access, entering
accident, mishap
accompanied, companion
accomplish, Achieve
accomplished, finished
accomplishments, achievement
accordance, agreement
according, reference
accordingly, therefore
account, banking
accounts, financial
accuracy, consistent
accurate, right
accurately,correct
accused, suspected
achieve, accomplish
achieved, accomplished
achievements, success
achiever, accomplisher
acoustics, sound
acquire, gain
acquired,gained
acres, land
across, bridge
acted, carry out
action, motion
activities, things to do
activity, something to do
actor, pretender
acts, perform
actually, in reality
adam, biblical
adams, surname
adapted, modified
added, as well as
adding, math
addition, plus
additional, plus
addressed, sent to
addresses, multiple
adjective, noun modifier
adjusted, modify
adjustment, changed
adjustments, adaptations
administered, given
administration, red tape
administrative, clerks
admission, entry
admit, allowed
admitted, allowed
adopted, to take on
adult,  fully grown
adults, fully grown
advanced, progressed
advantages, pros
advertisement, billboard
advertising, marketing
advice, help
advised, helped
advisory, to help
aesthetic, plastic
affair, other
affect, to feel
affected, to feel
affects, present feeling
afford, cost
afraid, scared
african, continent
after, later
aftermath, what happens after
afternoon, time of day
afterthought, review
again, another
against, opposite
agent, third party
agents, third parties
ages, time
agree, yes
agreed, yes
agreement, comply
agricultural,farming
agriculture,farm
ahead, in front
aids, to help
aimed, target
airplane, transport
airport, take off
alarm, bell
alert, inform
alienation, isolate
alike,similar
allen, space
alley, small throughway
alliance, friend
allied, friend
allies, friends
allocated, assigned
allotment, portion
allow, concede
allowances, to give
allowing, giving
allows, yes
almost, nearly
alone, single
along, ahead
already, in place
also, as well
altered, changed
alternative, other
although, whereas
altogether, grouped
always, forever
amateur, novice
amazing, wonderful
ambassador, representative
ambiguous,not clear
ambulance, medical
amendment, correction
american, native
among, in
amount, total
amounts, totals
amusement, smile
analysis, consider
analyzed, consider
angeles, math
angels, holy
anger, wrath
angle, degree
angry, wrath
animal, living thing
anniversary, marraige
announcement, news
another, one more
answer, reply
answers, response
anti, against
anticipated, to wait
anticipation, eager
ants, insect
anxiety, nervousness
anxious, nervouseness
anybody, everybody
anyhow, either way
anyone, somebody
anything, whatever
anyway, whatever
anywhere, places
apparatus, equipment
apparel, clothing
apparently, possibly
appeals, intriques
appear, seems
appeared, become visible
apple, fruit
apples, fruit
appliance, kitchen
applications,formal request
applying, to put on
appointed, chosen
appointment, date
appraised, considered
appreciate, like
appreciation, likes
approach, get close
approached, to be made known
approaches, identify
approaching, identifying
approval, thumbs up
approved, thumbs up
arbitrary, mundane
arbitrated, achieve settlement
arch, curved
architect, proffession
area, 2 dimensional
areas, 2 dimensional
argue, conflict
argued, conflict
argument, fight
arise, raise
arithmetic, sum
arms, limb
army, soldiers
around, circle
aroused, stimulate
arranged, ordered
arrangement, order
arrangements, orders
arrest, jail
arrested, prison
arrival, present
arrive,present
arrived, got there
artery, biological
articles, law
artistic, paint
asked, questioned
asleep, dream
aspect, parts
assembled, put together
assembly, gathering
assessed, considered
assessment, test
assessors, examiners
assigned, given to
assist, help
assistant, helps
assisted, helped
associate, link
association, grouped together
associations, links
assumption, thought
assumptions, thinking
assure, guaranteed
assured, guaranteed
astronomy, stars
atom, molecule
atomic, nuclear
atoms, molecules
attached, joined
attack, fight
attacked, fight
attacks, fights
attain, gain
attained, achieved
attempt, try
attempted, try
attempting, tried
attempts, tries
attend,present
attended, joined
attending, joining
attention, focus
attitudes, outlook
attract, draw in
attracted, draw in
attraction, liked
attractive, like
audience, crowd
audited, inspected
aunt, relative
australia, country
authentic, genuine
author, writer
authored, written
authorities, police
authority, controller
authorized, permissible
authors, writers
auto, independant
automatic, machinery
automatically, machinery
automobile, motor car
automobiles, cars
availability, schedule
available, ready
avenue, location
average, mean
avoided, isolate
awake, concious
award, winning
awareness, alert
away, far
axis, graphs
babies, youngster
baby, youngster
back, behind
backed, support
backward, reverse
badge, identification
badly, negatively
bait, tempt
baker, cakes
balance, even
balanced, even
ball, sphere
ballet, dance
balloon, inflatable
balls, spherical
banana, fruit
band, music group
bank, money
banks, clerks
bare, naked
barely, hardly
barn, hay
barrel, wines
bars, alcohol
base, place of safety
baseball, sport
based, beginning point
basement, underground
bases, foundation
basic, simple
basically, simply
basin, sink
basis, ground point
basket, container
basketball, sport
bath, wash
battery, energy
battle, fight
beach, sand
bead, droplet
beam, light
bean, seed
bear, mammal
beard, facial hair
bearing, hinge
bears, mammal
beast, animal
beat, hit
beautiful, stunning
became, changed
because, on account of
become, change
bedroom, sleep
beds, furniture
beef, cow meat
been, exist
beer, alcohol
beetle, insect
before, past
began, start
beggar, in need
begin, start
beginner, starter
beginning, starting
begun, start
behalf, other
behavior, conduct
behind, back
being, existing
beings, soul
belief, faith
beliefs, religion
believe, faith
believes, faith
bell, ring
bells, ring
belly, stomache
belong, own
belongs, owner
below, under
belt, accessorie
bench, park
bend, fold
benefits, pros
bent, fold over
berry, fruit
beside, next to
best, greatest
better, greater
between, middle
beyond, way over there
bigger, size
biggest, huge
bike, pedal
bikes, pedal
bill, ducks nose
bills, money
binding, join
binomial, math
biological, cells
bird, flyer
birds, flyers
birth, beginning
birthday, celebration
bite, chew
bitter, vinegar
black, colour
blade, sword
blame, guilt
blanket, child
blind, eyesight
block, stop
blocks, lego
blonde, hair
blood, bodily fluid
blow, air push
blue, colour
blues, jazz
board, wooden plank
boards, surface
boat, floats
boating, ocean
boats, float
body, corpse
bold, highlight
bomb, explode
bombers, fighters
bombs, war
bond, house
bonds, chains
bone, marrow
bones, skeleton
book, read
books, reading material
boot, shoe
boots, sea
border, line on map
bore, to give
born, begin life
boss, owner
both, two
bother, relative
bottle, container of liquid
bottom, lowest
bound, holding
boundary, line on map
bowl, eat
boys, male
brain, thinker
brake, slow down
branch, tree
branches, tree
brass, metal
brave, confident
bread, food
break, pause
breakfast, meal
breaking, damage
breath, bodily function
breathing, life
brick, housing material
bride, woman
bridge, cross over
bridges, infrastructure
briefly, lightly
bright, light
brilliant, impressive
bring, transport
bringing, giving
brings, give
british, anglo
broadway, shows
broken, not working
bronchial, lungs
brother, sibling
brothers, siblings
brought, transported
brown, colour
brush, comb
brushed, hair
bubble, fragile sphere
buck, money
bucket, container
budgeted, accounted for
build, create
builder, job
builders, jobs
building, structure
built, created
bulb, light
bullet, weapon
bullets,gun
bundle, baby
burden, weighted
bureau, firm
burn, hot
burned, hot
burning, hot
burns, temperature
burst, explode
bushes, vegetation
business, company
businesses, entrepreneur
butter, dairy
button, push
buying, selling
cabbage, vegetable
cabin, place
cable, wire
cactus, plant
cafe, shop
cake, food
cakes, food
calculated, accounted
calculator, math helper
calendar, dates
call, yell
called, yelled
calling, announce
calm, peaceful
came, arrived
camera, photography
camp, tent
campus, university
cancer, death
candidate, potential
candidates, potential
candle, wax
cannon, shoot
cannot, unable
cant, unable
canvas, art
capabilities,potential
cape, hood
capital, upper case
captain, rank
caption, phrase
caravan, mobile home
carbon, burns
card, hard paper
cards, game
care, look after
carefully, look after
carpenter, wood worker
carpet, rug
carriage, transport
carried, lifted
carries, lifting
carry, lift
cars, transport
cart, transport
cartoon, animation
case, container
cases, container
cash, currency
cast, film actors
casual, informal
catalogued, ordered and named
catch, grab
categories, compartments
category, sections
catholics, rome
cats, feline
cattle, farm
caught, grabbed
cause, reason
cavalry, medieval
cave, hole
ceiling, roof
celery, vegetable
cellar, lowest room
cells, prison
cemetery, tombstone
cent, lowest currency
center, middle
centers, middle
central, middle
cents, lowest currency
centuries, era
century, unit of time
certain, definite
certainly, definitely
certainty, known
chain, linked
chair, sit
chaired, sit
chairs, sit
chalk, mineral
challenge, confront
chamber, room
champion, winner
chance, try
chances, opportunity
chandler,dealer in supplies
change, alter
changes, alters
changing, difference
channel, pathway
channels, choice
chapel, church
character, person
characteristics,  features
characterized, featured
characters, roles
charge, electricity
charges,price asked for
charm, magic
charming, magic
chart, graph
charter, map
cheap, affordable
check, ensure
checked, audit
cheek, marks
cheese, dairy
cherries, fruit
cherry, fruit
chess, game
chest, body
chicken, poultry
chickens, poultry
chief, commander
chiefly, primarily
child, youngster
childhood, youth
children, youth
chin, face
china, country
chlorine, acid
choice, decision
cholesterol, heart attack
choose, decide
chose, to run
christian, religious
christianity, religion
christmas, holiday
church, place of worship
cigarette, cancer stick
circle, round
circles, sphere
circuit, electricity
circular, round
cited, seen
citizen, ordinary
city, large town
civic,relates to  a city or town
civilian, normal
civilization, society
claimed, impressed
clam, shell
clarified, affirmed
clarity, clear
class, status
classic, timeless
classical, music
classification, orderd
classified, secret
clean, spotless
cleaning, maid
clear, spotless
cleared, reduced
clearly, surely
clerical, secretarial
clerk, office
climate, season
climbed, move up
clinical, medical
clock, time
clocks, time
close, near
closed, not open
closing, terminate
cloth, material
clothes, apparel
clothing, fashion
cloud, airborne water
clouds, airborne water
clover, irish emblem
club, blunt weapon
clubs, dance
coach, train
coached, trained
coal, mine
coast, seaside
coat, apparel
coating, cover
cobweb, spider
cocktail, mix
code, cryptic
coil, spiral
cold, freeze
collaborated, talked about
collar, shirt
colleagues, professionals
collected, gathered
collective, grouping
college, university
colleges, learning
colonel, authority
colonial, brittish
colony, grouping
colour, pigment
coloured, drawing
colourful, rainbow
colours, shades
column, line
columns, lines
comb, brush
combat,fighting
combined, joined
come, arrive
comedy, laugh
comes, arriving
comfort, there there
comfortable, peace
coming, on its way
commander, leader
comment, retort
comments, statements
commissioner,  authority
committed, dedicated
committee, group of people
commodities, selling
common, lots of
commonly,  often
communicated, talked about
communication, talk
communications, media
communist, government
communists, socialism
communities, societies
community, social
companion, partner
company, business
comparable, compare
compare, judge
comparison, judged
compete, race
competent, ability
competition, game
competitive, winning
compiled, collated
complained, moan
complement, praise
complete, finished
completely, finished
complicated, not clear
component, part
composed, create
composer, creator
composition, essay
compound, mixture
compromise,  to meet
computed, calculated
conceived,thought of
concentrated,  focus
concentration, focused
conception, birth
concepts, ideas
conceptualized, imagined
concerned, worried
concerns, issues
concert, shows
concerts, shows
concluded, summary
conclusions, product
concrete, solid
condemned, damned
condition, state
conditioned, programmed
conditions, boundaries
conductor, orchestra
conferences, meetings
configured, set up
confirmed, certain
conflict, disagreement
confronted, approach
confused, not clear
confusion, not clear
congregation, gathering
congress, gathering
congressional,relates to congress
congressman, politics
connected, social media
connection, link
conscience, thoughts
conscious, aware
consciousness, awareness
consequence, results
consequences,results
consequently, finally
conservative, reserved
consider, think about
considerably, amount
consideration, ponder
considerations, taken into account
considered, thought about
considering, thinking about
consisted, made up of
consistent, the same
consistently, alike
consisting,  comprising
consists, has
consolidated, brought together
consonant, not a vowel
conspiracy, maybe
constantly, always
constitute, has
constitution, policy
constitutional, correct
constructed, designed
consumer, buyer
contacts, knowing
contain, keep in
containing, holds
contains, holding
content, subject matter
contest, compete
context, situation
continental,  breakfast
continually, ongoing
continued, carried on
continues, circular
continuity, always
continuous, roundabout
continuously,always
contracted, obligated
contracts, signing
contrary, otherhand
contribute, adding
contributed, addition
contribution, add
contributions,adds
control, master
controlled, manage
controlling, managing
controversy, sensitive
convenience, easy
convention,way in which something is done
conventional,generally done
conversation, communicate
conversion, dialogue
converted, reform
conviction, belief
convinced, brought around
cook, chef
cooking,  food
cool, make colder
cooling, temperature drop
cooperation, help
cooperative, helping
coordinated, organised
cope, manage
copper, metal
copy, duplicate
cord, rope
core, centre
cork, stopper
corn, vegetable
corner, squared curve
corporate, business
corporations, businesses
corps, group trained for action
correct, affirmative
corresponded, written to
correspondence, communication
cost, price
costs, price
cottage, pace
cotton, material
cough, forceful expellation
could, able to
couldnt, unable to
counseled, reasoned with
count, number
counter, surface
counties, land
countries, land divided up
country, land
county, land
couple, realtionship
courage, bravery
course, training
court, yard
courts, outside
cousin, relative
cover, put something over
coverage,extent of something observed
covered, put something over
covering, protect
covers, protection
cows, cattle
crack, small break
cracker, snack
craft, talent
crash, accident
crate, container
crawled, baby
crayon, draw with
crazy, sanity
cream, dairy
create, invent
created, invented
creating, origin
creation, product
creative, artistic
creator,God
creature, animal
creatures, none human
credit, assign
crew, ship
crib, baby bed
cried, tears
crime, unlawful
criminal, offender
crises, panic
critic, skeptic
criticism,expression of dissaproval
critics, skeptics
critiqued, judged
crook, ciminal
crop, adjudst
crops, farm
cross, angry
crossed, walk over
crossing,action
crow, bird
crowd, gathering of people
crowded, people
crown, royal headwear
crucial, important
crush, squash
crystal, raw material
cure, solution
curiosity, unknown
curious, cats
current, raisin
currently, present
curt, short
curtain, window
curve, arch
cushion, soft seat
customer, consumer
customers, buyers
customized, made special
cuts, shortfall
cycle, excecise
daily, every day
damage, destroy
damn, hell
dance, jig
dancer, career
dancers, talent
dances, talent
dancing, movement
dangerous, poisen
dare, challenge
dark, no light
darkness, night
data, information
dates, fruit cake
daughter, offspring
dawn, morning
days, length of time
dead, never wake up
deal, agreement
dealer, distributor
dealers, distributes
dealt, to sort
dear,woman
death, never wake up
debate, argue
debt, owe money
decade, years
decades, years
decent, manners
decide, think
decided, agreed
decimal, numerical point
decision, agreement
deck, surface
declaration, pledge
decline, turn down
dedicated, committed
dedication, committing
deep, not shallow
deeply,far down
deer, animal
defeat, lose
defend, protect
defense, shield
define, meaning
definite, absolute
definitely, absolutely
degree, angle
degrees, levels
delay, postpone
delegated, assigned
deliberately, intent
delicate, fragile
delight, emotion
delightful, happy
delivered, receive
delivery, courier
demanded, insist
demanding, insisting
democracy, ideology
democratic, government
democrats, politics
demonstrate, to show
demonstrated, shown
demystified, to clear
denied, reject
density,weight
deny, denounce
department, section of organisation
departments, sections
depend, rely
dependent, children
depending, waiting
depression, emotion
depth, sea
derived, concluded
describe, explain
described, explanation
describes, articulate
description, profile
desegregation, unite
desert, sand
design, create
designed, created
designs, create
desirable, attracted
desire, passion
desired, lust
desk, office table
despair, loss
desperate, needy
desperately, wanting
destiny,fate
destroy, annihilate
destroyed, damaged
destruction, annihilation
destructive, chaos
detail, fine points
details, fine points
detective, investigate
detergent, cleaning
determination, goal driven
determine, conclude
determined, focused
developed, changed
developing, growth
development, progress
devices, technology
devil, anti-christ
devised, conceive
devoted, loyal
diagnosed, indentify problem
diameter, cicumference
diamond, jewel
dictionary, book or words
didnt, has not
died, no longer living
diet, weight
difference, inequality
different, inequal
difficult, hard
difficulties, challenges
diffusion, physics
digestion,  how we process food
dignity, morale
dilemma, problem
dime,  USA coin
dimensions, different sides
dining,meals
dinner,  a meal
dinosaurs,  extinct reptiles
diplomatic, awareness
direct,  the shortest route
directed,  to be shown the way
direction,  go to a single point
directions, intsruct
directly,  without stopping
directors, panel
dirt,  soil
dirty, unclean
disappeared, gone
disaster, tsunami
discharge, to leave
discipline, school
discover, invent
discovered,  found or uncovered
discovery,  finding or uncovering
discrimination, hate
discuss, consider
discussion,  conversation
disease,  contagion
disgust,  revulsion
dishes, crockery
disk, computer
displacement, out of sync
display, to show
disposal, rid of
dispute, disagreement
distance,  the space between things
distant, gap
distinct, specific
distinction, specify
distinctive, specifications
distinguished, civilised
distributed, to share
distribution,  to share
district,  an area
districts, areas
disturbed, unrest
dive, swim
divided,  to split
divine, holy
division,  to split
divorce, separate
dock,  quay
doctor,  medical professional
doctrine, law
documents, papers
does,  action
dogs,  canines
doing,  actions
doll,  toy
dollar, currency
dollars,  USA currency
dolls,  toys
dominated, conquer
done,  finished
donkey,  mule
door,  entrance
doors, opportunity
doubt,  uncertainty
down,below
downtown,  city centre
dozen,12
draft, pre
drafted,  joined the army
drain,  gutter entrance
drama, genre
drank, consumed
draw,  sketch
drawer,  holds socks
drawing,  sketching
drawings,paint
dream,  sleep visions
dreamed,rest
dreams,vision
dress,  clothing
dressed, conform
dressing, fashion
dried, not wet
drill, tool
drink,  wine and beer
drinking, action
drinks, bar
drive,  use a vehicle
driven, motivated
driver, lead
drivers,leaders
driving,  use a vehicle
drop,  miss a catch
drug,  medicine
drugs, addiction
drum,  instrument
drunk, intoxicated
drying, airing
duck,  waterfowl
ducks,  waterfowl
dull, not bright
during,  in the middle
dust,  skin flakes
duties, purpose
dying, unknown
dynamic, vivacious
each,  every one
eager, motivated
earlier,  before now
earliest, soon
early,  before now
earnings, paycheck
ears,  listening instrument
earth,  soil
earthquake,  tremor
ease, quickly
east,  compass point
easter,  holiday
easy,  trivial
eating, action
economic,  prudent
economical, infrastructure
ecumenical,unity among christian churches
edge,  corner
edges, corners
edited,  re-typed
edition, version
editorial,preparing of material for publication
educated,  schooled
education,  schooling
effect,  result
effective,  successful
effectiveness, successfulness
effects,  results
efficiency, prompt
efficient, prompt
effort,  attempt
efforts,  attempts
eggplant,  brinjal
eggs,  produced by birds
eight,  number
eighteenth, number
eighth, childlike
either,  one or another
elaborate, explain
elbow,  body joint
elected, chosen
elections, process
electric,  power
electrical, voltage
electricity, currents
electron,charge of negative electricity
electronics,branch of physics and technology
element, part of
elementary, simple
elements,  component parts
elephant,  large mammal
eleven, number
eliminate, rid of
eliminated,rid of
else,  either
elsewhere, other
emerged, to surface
emergency, crises
emission, project
emotion, abstract
emotions,abstract
emphasize, impact
empire, ownership
empirical, fact
employed, job
employee, to work for
employment, purpose
enable, to do
enabled,  allowed
encounter, met
encourage, helped
encouraged,  cheered
encouraging, helping
ending, terminate
endless, conitnuous
enemies, foe
energy,  power
enforced, insist
enforcement, insisting
engaged, future
engagement, focus
engine,  motor
engineer, proffession
engineered,  built
engineering, construct
engineers, constructing
english,  language
enjoy,  have fun
enjoyment, pleasure
enlisted,  joined the army
enormous, size
enough,  sufficient
entered,  went in
entering, allow
enterprise, business
entertainment, pleasure
enthusiasm, motivation
enthusiastic, ambitious
entire,  all of a thing
entries, forms
entry, allow
envelope, letters
environment, globe
equal,  the same as
equation,  mathmatical problem
equipment,  tools
equipped, prepared
equivalent, same value as
error,  mistake
especially,  mostly
essentially, specifically
established,  well-known
establishing, foundation
establishment, building
estate, land
estimate, average
eternal, forever
ethical, moral
ethics, morale
evaluated,  measured
evaluation, measure
even,  every other number
evening,  dusk
event,  party
eventually,in the end
ever,  at any time
every,  each one
everyone,  all people
everything,  all things
everywhere, other
evidence,  proof
evidently, emperical
exact, accurate
exactly,  precisely
examination, test
examine, testing
examined,  scrutinised
example,  case in point
examples, case study
except,  all but this
exception, out of norm
exceptions, oout of norm
excess, left over
excessive,too much
exchange,  swap
excited, emotion
excitement, emotion
exciting,  thrilling
exclusive,  only
exclusively, only
excuse, reason
executed,  killed
exercise,  jogging
exercises, health
exhibit,show piece
exhibition, display
existed, present
existence,  being in reality
exists, present
expanded,  made bigger
expanding, growth
expansion,  made bigger
expect,  presume
expectations, presumes
expected,  presumed
expedited,  speed up
expenditures, cost
expense, cost
expenses,required cost
expensive, price
experience,  knowledge
experienced, prior
experiences, memory
experiment,  try out
experimental,science
expert,  know-it-all
experts, knowledgeable
explain,  describe
explained,  drescribed
explanation, reason
explicit, not hiding
exploration, discover
exposed, to show
exposure, showing
express,  fass
expressing,convey a thought or feeling
extend, to give
extensive, length
extent,  proportions
external, outside
extra, more
extracted,  removed
extraordinary, special
extremely, more
eyes,  human organ
fabricated,  produced
fabrics,  materials
face,  countenance
faced, forced to
facilitated,  make easier
facing, looking
fact,  truth
factories,  production lines
factors,  ingredient
factory, work
fail, not get right
faint, loss of balance
fairies,  mythical beings
faith,  belief
fall,  autumn
fallen, to drop
fallout, disagreement
falls, trips
FALSE, not true
family,  relatives
famous,  well-known
fang,  tooth
fans, followers
fantastic, amazing
farm,  agricultural area
farmer,  agricultural worker
farmers,  agricultural workers
farther, distance
fascinating, interest
fashioned,  produced
fast,  quick
fate, destiny
father,  patriarch
fathers, male figure
faucet,  tap
fault, blame
favorable, prefer
favorite, preffered
fear,  terror
fears, terrors
feast,  huge meal
feather,  bird covering
feature, highlight
federal,  of the state
feed,  eating
feeding, nourishment
feel,  touching
feeling,  touching
feels, emotion
fees, cost
feet,  unit of measurement
fell,  chop down trees
fellowship,friendly association
felt,  type of material
female, woman
fence, border
festival, celebration
fewer, less
fiber, digestive
fibers, materials
fiction,  make-believe
field,  pasture
fifth,  of five
fight,  battle
figure,  human shape
figured, make sense
figures,  humans shape
filed, admin
filing, cabinet
fill, complete
filled,  make full
filling, fullest
films, hollywood
final,  the last one
finally,  the last one
finance, cost
financial,  money-based
financing, banks
find,  to locate
finding, to source
fine,  a charge
finger,  digit
fingers,  digits
finish, complete
finished,  completed
finland,  cold country
fire,  heat
fired, terminate
fireman,  member of the brigade
firing, gun
firm,  hard
firmly, grip
first,  primary
fiscal,  financial
fish,  swimming animal
fishing, sport
fist, hand
fitted, specific
five,  number of fingers
flag,  every country has one
flame,  part of a fire
flash, sudden
flat,  level
flavor,  taste
fled, to run
flesh,  meat
flew,  bird
flexible, supple
flight,  mode of travel
flock,  collection of sheep
floor,  connected to every wall
flow,  river current
flower,  bloom
flowers,  blooms
fluid, liquad
flux,action of flowing
flying, plane
foam, washing powder
foams, bubbles
focus, concentrate
fogg, weather
foil, oven
fold,  origami-style
folk, generations
folklore, story telling
follow,  pursue
followed,  pursued
following,  pursuing
food,  nourishment
fool,  silly
foot,  unit of measurement
football,  soccer
force,  power
forces,  power
forecast,  weather prediction
foreign,  non-local
forest,  collection of trees
forests, Amazon
forever, eternal
forget, memories
forgive, divine
forgotten, gone
fork,  utensil
form,  paperwork
formal, conform
formation, shape
former,  the previous one
formerly, before
forms,  paperwork
formulas, equations
formulated,  created a plan
fortunate, benefits
fortune, treasure
forty, number
forward,  move onwards
fought, conflict
found,  discovered
foundation, bases
founded,  created on
fountain,  water spray
four,  number of cardinal pointgs on a compass
fourteen, number
fowl,  birds
fraction,  section of one
fractions,  math
frame,  picture holder
frames, perimeter
free,  no charge
freedom,  liberty
freely, liberties
freight,  cargoe
french,  european language
frequencies, intervals
fresh,  ripe
friction,  chafing
friend,  mate
friends,  mates
friendship, relationship
frightened, to fear
frog,  *ribbit*
frogs,  *ribbit*
from,  originated
front,  foremost part
frontier, cavalry
frozen, iced
fruit,  grows on trees
fuel,  petrol
full,  completely filled
function,  party or event
functional, operate
functions, events
fundamental, essential
funeral, sad gathering
funny, comedy
furnish, decorate
furnished, decoration
furniture,  sofa
further,  moreover
furthermore, to continue
future,  the year 3000
gained,to acieve
gains,to obtain
gallery, art
galley,  ship kitchen
game,  play thing
gang, subculture
garage,  car park
garden,  flowers and lawns
gate,  entrance into a garden
gather, to collect
gathered, collected
gave,  present with
gear, levels
geese,  large waterbirds
general,  military rank
generally,  normally
generated,  produced
generations, net of kin
generous, kindness
genius, smart
gentle, soft
gentleman, mannered
genuine, orginal
gesture, movement
getting,  acquiring
ghost,  spectre
giant, huge
giants,  enourmous people
gift, present
giraffe,  safari animal
girl,  female
girls,  females
give,  donate
given,  donated
gives,  donates
glad, happy
glance, to look
glanced, looked
glass,  drink holder
glasses, crockery
glory, victory
glove,  hand wrapper
glue,  sticky substance
goals,  football result
goat,  farm animal
going,  proceed
gold,  winners medal
golden,colour
goldfish,  swimming pet
golf, gentlemans sport
gone,  vanished
good,  fine
goose,  large waterbird
governing, to rule
government,  runs the country
governmental, ruling departent
governor,  leader of a state
grabbed, to take hold
grace, gentle
grade,  school level
grades, levels
gradually, slowly
graduate, achievement
grain,  wheat
grains, fields
grand, spectacular
grandfather,  elderly relative
grandmother,  elderly relative
grant, permission
grants, allow
grape,  wine fruit
grass,  lawn
grateful, thanks
grave, resting place
great,  massive
greater,  bigger
greek,  member of a European country
green,  colour
greenwich, maps
greeted, salutation
grew,  to increase in size
grinned, smile
grip,  hold onto
ground,  floor
group,  collection of items
groups,  collection of items
grow,  to increase in size
growing,  increasing in size
grown, developing
grows, develop
growth,  the increase of size
guard, to watch over
guards, protect
guess,  predict
guest, visitor
guidance, scaffold
guide,  show trhe way
guided,  shown the way
guilt, feelings
guilty, accused
guitar,  musical instrument
gulf, war
guns, weapons
guys, friends
gyro,a type of sandwhich
habit, repetition
habits, repetitions
hair,  head growth
haircut,  short back and sides
half,  semi
hall,  large public building
halt,  to stop
hamburger,  fast food
hammer,  tool
hand,  convenient body part
handed, to give
handle, giving
handled,gave
hands,  convenient body parts
handsome, goodlooking
hang, suspended
hanging, suspension
happened,  occurred
happening, present
happens, current
happily, emotion
happiness, feeling
happy,  glad
harbor,  quay
hard,  tricky
harder, difficult
hardy,robust
harm, injure
harmony,  singing together
hate,  dislike intensely
hated, disliked
hatred, continuing dislike
have,  to own
having,  owning
head,  part of the body
heading, direction
heads, think tank
health,  vitality
healthy, longevity
hear,  listen
heard,  listened
hearing,  listening
heart,  pulse generator
hearts, love
heat,  warmth
heating, increase in temperature
heaven, nirvana
heavy,  considerable weight
heels, shoes
height, length
heights, lengths
held,  gripped
helicopter,  chopper
hell,  puratory
helmet,  body protection
help,  assistance
helpful, appreciated
helping,  assisting
helpless, can't
helps, aiding
herd, cattle
here,  at this place
heritage, culture
hero, brave
heroic, impressive
herself,  she
hesitated, paused
hidden, out of sight
hide, to look
high,  euphoria
higher,  the greater altitude
highway, bridge
hill,  mound
hills, little mountains
himself,  he
hired, on loan
historian, love of history
historians, history proffession
historic, momentous occasion
history,  past events
hits, assault
hobbies,  pastimes
hold,  grip
holder, to grip
holds, grip
hole,  pit
holes, gap
holiday,  vacation
hollywood, movie capital
holy, religion
home,  wherever I lay my hat
honest, truth
honey,  bee juice
honored, acclaimed
hook,  Pirate hand
hope,  aspire
hoped, wish
hopes, wished
hoping,wishing
horizon, sky meets land
horn,  rhino point
horse,  stallion
horses,  stallions
hose,  water tube
hospital,  operating theatre
hospitals, medical needs
host, welcoming
hotel,  holiday residence
hotels, temporary stay
hour,  unit of time
hours,  units of time
house,  residence
household, family
houses,  residences
however,  moreover
huge,  large
human,  mortal
humanity, compassion
humor, laugh
humour,  funny
hundred,  large number
hundreds, alot of
hungry, in need
hunting,  tracking and killing
hurried, rush
hurry, rushing
hurt, injure
husband,  male member of a marriage
hydrant,  water source in a city
hydrogen,  element
hypothalamic, brain
icicle,  pointy frozen water
idea,  plan
ideas,  plans
identical, alike
identification, recognise
identified,  recognised
identify, know
identity, known
ideological, concept
ignored, dismiss
illness, unhealthy
illusion, pretend
illustrated,  painted a story
illustration, drawing
image,  picture
images, pictures
imagined, conjure up
imitation, generic
immediately,  straight away
implemented,  put into action
implications, consequences
important,  vital
imposed,  forced upon
impressed, like
impression, idea
impressions, ideas
impressive, liking
improve, do better
improved,  made better
improvement, positive
impulse,  an urge
inadequate, not enough
inches,  unit of measurement
incident, event
inclined, destined
include,  also
including,  take into account
income,  salary
increase,  produce more
increased,  produced more
incredible, wonder
indeed,  in point of fact
indian,  member of Asian country
indicate,  to show
indicates, direction
indication, intent
indirect, passive
individual,  single person
industrial,  heavy-duty
industries, workforce
industry,  production
inevitable, going to happen
influence,  effect of a thing
influenced,  effected by a thing
information,  extra knowledge
informed,  to have extra knowledge
inherent, DNA
initiated,  started
initiative, taking the lead
injured, hurt
injury, act of hurt
inner, inside
innocence, purity
innocent, pure
input, addition
insect,  type of animal
insects,  type of animal
inside,  within
insight, vision
insist, enforce
inspected,  look at closely
inspection, act of lookig closely
inspired, motivated
installed,  put in place
instances, time and place
instant, immediate
instead,  as an alternative
institute, place
instituted,  initiate
institution, places
instructed,  told to do
instruction, direct
instructions, set of rules
instrument,  trumpet
instruments,  guitars
insurance,  financial protection
insure, look after
integrated,  blend together
integration, to blend
intelligence, mental capacity
intelligent, mental accuracy
intended, intent
intense, deep
intention, agenda
interest,  attention
interference, disturb
intermediate, inbetween levels
international,  across many countries
interpretation,  perspective
interpreted,  translate
intervals, sporadic
intervention, to help
interview, screening
interviewed,  questions for a job
interviews, job application
intimate, private
into,  within
introduced,  met
introduction, prologue
invariably, just about
invented,  created
invention,  brand new creation
inventory, list
investigated,  researched
investigation, process of finding out
investment, security
invitation, welcoming
invited, been welcomed
involve, part of
involved,  associated with
involves, includes
involving, including
iron,  clothes flattener
island,  land surrounded by water
islands, sall body of land
isolated,  solitary
issue,  matter in question
issued, given out
item, aspect of
itself,  seperate from other things
jackal,  wild dog
jacket, winter wear
jail,  prison
jeans,  demin
jelly,  party food
jellyfish,  stinging sea animal
jersey, warm clothing item
jewel,  diamond
jewellery,  earrings
jews, torah
join,  become a member
joined,  became a member
joint,connecting point
joke,"  ""knock knock"""
journal,record
journey,  en route
judge,  magistrate
judges, many magistrates
judgments, verdict
juice,  liquid inside fruit
jump,  leap
jumped,  leapt
jungle, wildlife
juniors, before senior
jurisdiction, perimeter of authority
just,  morally right
justice,  being fair
justified, validated
justify, truth
kangaroo,  jumping mammal
keep,  retain
kept,  retained
kettle,  water boiler
keys, car
kick,  punt
kids, before adult
killed,  murdered
killer, person responsible for death
killing, untimely death
kind,  benevolence
kinds, different
king,  ruler
kingdom, place of rule
kiss,  smooch
kitchen,  type of room
kite,  flying toy
kitten,  cute baby pet
kittens,  cute baby pet
kitty,  cute baby pet
knee,  body joint
knees, body joints
knew,  to already be aware
knife,  cutlery item
knocked, to bump
knot,  to tie
know,  to understand
knowing, information
knowledge,  understanding
known,  to already be aware
label, identify
laboratory, physics
labour,  work
labourer,  worker
lace,  light material
lack,  without
lacked,do not have
ladder, to climb
ladies, female
lady,  female
ladybug,  'female' insect
lake,  large body of water
lamp,  light furniture
land,  at the edge of all seas
landing, plane
landscape, nature
lane, structures
language,  mother tongue
languages, communication
large,  huge
larger,  bigger
largest, huge
last,  final
late,  tardy
later,  now now
latest, newest
latin,  language
latter,  the last one
laugh,  giggle
laughed,  giggled
laughing, relief
laughter, sound of relief
launched, initiate
lawyer,  legal practitioner
lawyers,vlegal practitioners
lead,  heavy metal
leaders,  cheifs
leads, in charge
leaf,  part of a tree
lean, no fat
leaned, against
leaped, jump
learn,  educate
learned,  educated
learning,  educating
least,  fewest
leather,  shoe material
leave,  depart
leaves, autumn
lectured,  spoken at
left,  direction
legend, legacy
legislation, constitution
legislative, procedures of constitution
legislators, implementors of legislation
legislature, rules
legs,  body parts
length,  span of an item
lengths, span of items
less,  fewer
lesson, taught
letter,  item of the alphabet
letters,  items of the alphabet
letting, rent
lettuce,  leafy vegetable
level,  straight
liberals, free for all
liberty, aquisition of rights
libraries, research area
library,  collection of books
license, permit
lies, deciet
lieutenant, rank
life,  sentience
lift,  elevator
lifted,  elevated
light,  easy to lift
lighted, easier
lighter,  firestarter
lighting, change of environment
lightly, not serious
lights, illuminate
like,  an emotion
likely,  possibility
likes, smile
limit,  maximum
limitations, cannot
limits, ceilings
line,  straight or curved
linear, straight
linen,  sheets
lines,  straight or curved
lion,  animal
liquid,  state of element
liquor, alcohol
list,  number of things
listed, itemised
listen,  do not talk
listened, ears
listeners, receivers of info
listening, attention
lists, order
literally, as is
literature,  books
little,  small
live,  not recorded
lived,  not alive anymore
lively, vibrant
livestock, cattle
living,  still alive
lizard,  animal
lizards,  animal
load, alot
loaf,  bread
loan, temporary
lobby, hallway
local,  not global
located,  where it is
lock,  security
locked, fixed
locket,  fashion accessory
locking, car door
lodge, to apply
logical, rational
lonely, isolated
long,  distance
longer,  distance
look,  find
looked,  find
looking,  find
loop, circle
loose, not tight
losing, failed
loss,  not gain
losses, grief
lost,  no longer have
lots, many of
loud,  noise
love,  emotion
lovely,  appreciate
lover,   relationship
loves,   relationships
lower,  height
lowered, below
loyalty, friend
luck, clover
over, accross
lucky, tresasure
lumber,  furniture resource
lunch,  time of day
luncheon, noon
lunchroom,  eating place
lungs, breathing
luxury,  wealth
lying, decieve
machine,  computer
machines, automatic
made,  creation
magazine,  reading
magazines, celebrities
magic,  tricks
magician,  tricks
magnetic,  attract
magnificent, awesome
magnitude, intensity
maid,  job
mail, letterbox
mailbox,  post office
main,  primary
mainly, consistent
maintained,  upkept
maintaining, upkeep
major,  important
make,  create
makers, design
makes,  create
making,  create
male, men
males, man
mama, caregiver
manage, organise
managed,  looked after
management,  looking after
manager,  looks after
mankind, human race
manner,  in a way
mans,  occupies duty
mantle, surface
manufacturer, makers
manufacturers,maker
manufacturing, making
many,  lots
marble,  type of rock
march,  organized walk
marginal, intensity
marine, navy
mark,  identifying object
market,  place of goods
marketed,  advertising
marketing, promoting
markets, informal shopping
marks, checks
marriages, union
married,  joined in union
marshall, justice
mask,  hiding identify
mass,  newton laws
masses, amount
massive, huge
masters, experts
match,  lighting up
matching, apply
mate, combine
material,  made of
mathematical, logic
mathematics,logically
matter,  we are all made of
mature, developed
maturity, developing
maybe,  perhaps
mayor, in charge
meal,  food
meals, dine
mean,  not nice
meaning,  definition
meaningful, important
meanings, interpretation
means,  defines
meanwhile, in between
measure,  know how much
measurement, scale
measurements,scales
measures, weigh
measuring, weighting
meat,  food type
mechanical, not  human
mechanism, machine part
mediated,  kept the peace
medical,  doctors
medicine, doctor
medium, inbetween
meet,  gather
meeting,  gathering
meetings, talks
meets,  greets
melody,  song
melting, ice cream
member,  belongs to
members,  belong to
memorial, remember
memory,  past experience
mental, brain
mention, indicate
merchant, trader
merchants, traders
mercy, forgive
mere, little
merely,  only
merger, joining
merit, earn
mess, chaotic
metal,  element
method,  way
methods,  ways
metropolitan,  cities
mice,  animal
microphone,  audio equipment
middle,  center
midnight, dark
might,  strength
mighty, great
mile,  distance
miles,  distance
military,  army
milk,  food
milligrams, measurement
million,  big number
millions, numbers
mills, factories
mind,  cognition
mine,  gold and coal
mines, digging
minimal, little
minister,  job type
minority, few
mint,  food
minute,  time
minutes,  time
mirror,  reflection
miss,  longs for
missed, absent
missile, nuclear
missiles, war
mist,  fog
mistake, tipex
mitten,  clothing
mixed, combined
mixture,combining
mobile, movement
mode,a way or manner
models, fashion
moderate, average
moderated,  managed
modern,  contemporary
modest, perspective
mold, shape
molecules,  elementary particles
moment,  time
moments, aspects
money,  economy
monitored,  watched
monkey,  animal
month,  time
monthly, salary payments
months,  time
monument, remember
mood, emotion
moon,  celestial object
moral,  ethics
morality, values
morning,  time
most,  superlative
mostly, often
motel, overnight
mother,  relation
mothers, caregiver
motion,  movement
motivated,  inspired
motive, intention
motives, intentions
motorcycle,  vehicle
motors, cars
mount, get on
mountain,  big object
mountains, above sea level
mounted, to put on
mouth,  body part
move,  motion
moved,  motion
movement,  motion
movements, physical
moves,  action
movie, visual
movies, genre
moving,  motion
much,  lots
multiple, more
municipal, government
muscle,  bicep
muscles, biceps
museum, archive
music,  songs
musician, artist
musicians, artists
mustard, hotdog
mutual, shared
myself,  me
mysterious, elusive
mystery, code
myth, fiction
nail,  body part
naked, as is
name,  title
narrative, an account of
nation,  country
national,  of a country
nationalism, sense of politcal unity
nations,  countries
native, indigenous
nato, UN
natural,  of nature
nature,  outside
naval, bellybutton
navy, government
near,  close
nearby, almost
nearest, closer
nearly,  almost
neat, order
necessarily, quite
necessary,  needed
necessity, need
neck,  body part
need,  must have
needed,  was required
needle,  sharp
needs,  must have
negative, disillusioned
negotiated,  discussed matters of adeal
negotiations, agreements
neighboring, friendly
neighbors, friendly people
neither,  not this or that
nerve,  internal body part
nerves, life
nervous, abstract
nest,  insect home
network, connected
neutral, indifferent
never,  not once
newer, upgraded
newly, novice
news,  latest events
newspapers, written account
next,  following one
night,  time
nights, darkness
nineteenth, number
ninth,numbers
noble, commendable
nodded, head movement
noise,  sound
noon, time of day
normal,  ordinary
normally, as always
norms, conform
north,  direction
northern,  direction
northwest, compass
nose,  body part
notable, recognised
note,  detail
notebook,  book of details
nothing,  not anything
notice,  note
noticed,  see
notion, idea
noun,  part of speech
novels, books
nowhere, nothing
nuclear,  power
nude, nothing
number,  maths
numbers,  maths
numeral,  maths
numerous, many
nuts, squirrel
oatmeal,  food
objectives, points
obligations, duties
obliged, duty
observation,  thing to see
observations, see
observe,  see
observers, watch
obtain, gain
obtained,  got
obviously,  clearly
occasional, sometimes
occasionally, sometimes
occasions, events
occupation, carreer
occupied, distracted
occur,  happen
occurrence, happenings
ocean,  water
offer,  give
offering, giving
offers, gifts
office,  place of work
offices, working space
often,  happens a lot
okay, permissible
once,  not many times
only,  not otherwise
onset, allowed
open,  not close
openly, disclose
opera, theatre
operate, work
operated,  surgeon
operation,  plan
operational, functioning
operator, in charge
opinion,  thought
opinions, ideas and feelings
opportunities, possibility
opportunity, possibilites
opposed,against
optimal, best
oral, speaking
orange,  fruit
oranges,  fruit
order,  buy
orderly, structure
organic, life
organization,  company
organized,  put together
origin, start
originally, pure
originated,  came from
ornament,  decoration
other,  not this
others,  those people
ours,share
outcome, point
outdoor, nature
outer, perimeter
outlook, perspective
output, energy
outside,  outdoors
outstanding, great
oven,  baking
overcome, succeed
overhauled,  revamped
oversaw,  monitored
overseas, travel
overwhelming, emotion
owned, possessed
owner,  landlord
owners, capitalism
ownership, money
oxidation, skin
oxygen,  breathe
oyster,  animal
pace, speed
pack, prepare
package,delivery
packed, prepared
page,  books
pages, books
paid,  salary
pail,  bucket of water
pain,  bruise
painful, torture
paint,  new color
painted, picasso
painter, art
painting,  new color
paintings, mona lisa
pair,  two
palace,wealth
palm, future
pancake,  food
panel, judges
panels, interviews
panic, loss of control
paper,  books
papers, recycle
parade, to show off
paragraph,  body of text
parallel, alongside
parcel,  delivery
parent,  ancestry
park,  swings
parked, stationery
parking, temporary
parks, children
parrot,  animal
part,  go seperate ways
partially, half
participate, involved
participation, involving
particle, piece of
particles, pieces
particular,  specific
particularly,  specifically
partner,  matching person
parts,  spares
party,  event
passage, course
passages,process of moving through
passed,  went by
passenger,  hitchhiker
passengers, transported
passes, succeed
passion, invigorated
past,  time
paste,  mush
patch,  area for vegetables
patent, laws
path, journey
pathology, illness
patience, peace
patients, hospital
patrol,  monitor
pattern,  similar things
patterns, shapes
pause, semi-colon
paused, halt
paying, cost
payment,  banks
payments, accounts
peace,  hippies
peaceful, happiness
pear,  fruit
peas, pod
peculiar, strange
peered, looed
pencil,  school equipment
people,  society
peoples, magazine
percentage, estimation
perception, reality
perfectly, soulmates
perform, show piece
performance,  how well you do something
performances, applause
performed,  did do something
perhaps,  maybe
period,  time
periods, allocated time
permanent, stain
permission, pass
permits, allowed
person,  individual
personal,  not private
personality, profiles
personally, intimate
persons,  people
perspective, viewpoint
persuaded,  convinced
pertinent, important
pest,  tick
petitioner, protest
pets,  cats and dogs
phases, group of clauses
phenomena, events
phenomenon, situations
philosophical, Socrates
phone, William Bell
phrase,  like a clause
physical,  can touch
physically, active
physics, Newton
physiological, physical
piano,  musical instrument
picked,  chose
pickle,  food
picture,  photograph
piece,  puzzle item
pies,  food
pigs,  animal
pile, to stack
pillow,  sleeping
pilot, aircraft
pink, girl
pioneer, origin
pioneered,  invented
pipe,  smoking
pistol, weapon
pitch, volume
pitcher, baseball
pizza,  food
pizzas,  food
place,  area
placing, arrange
plain, ordinary
plan,  strategy
plane,  fighter jet
planes,  fighter jets
planet,  Venus
planetary, cosmos
planets, cosmic
planned,  orchestrated
planning,  orchestrating
plans,  strategies
plant,  grass
plantation,  vegetable patch
plants,  trees
plaster, healing
plastic,  coke bottle
plastics, recycle
plate,  crockery
plates, porclain
play,  child activity
player, golf
players, teams
playground,  swings
pleasant, like
please,  satisfy
pleased, approve
pleasure,  satisfaction
plot,  area
plough,  farming
plug, bath
plural,  many of
pocket,  jeans
poem,  organized words
poetic, sonnets
poets, Shakespeare
point,  specific place
pointing,  direct
points,  leaderboard
poison,  anthrax
pole,  holds a swing up
police,  constable
policeman, uniform
policy,  set of rules
polish,  clean furniture surface
political,  of politics
politicians, government
pollution,  smog
polynomial, more
pond, fish
pool,  water fun
poor,  poverty
popcorn,  cinemas
pope, Rome
population,  number of people
porch, verander
port, outlook
porter,  carries your bags
position,  place you are at
positions, holding
possessed, taken over
possession,  own
possibilities, dreams
possible,  can be done
post,  letters
posts,apply
potato,  food
pound, britain
pounds,  type of money
poured, action
poverty, lack of
powder,  washing
power,  electricity
practically, application
practice,  do a lot to get better
practices, rehearse
prairie,  place
prayer, God
preceding, legacy
precious, valuable
precise, pedantic
precisely, exact
precision, timeous
prefer, like
preferred,  likes
preliminary, before
premier, ulitmate
preparation, organised
prepare, food
prepared,  ready
preparing, hosting
present,  gift
presentation, display
presently,  current
presents, christmas
preserve, fossils
president,  leader
presidential, white house
presidents,  leaders
press,  news
pressed, imprint
pressing, imprinting
pressure,  kilopascal
pressures, kilpascals
prestige, honour
presumably, assuming
pretty,  cute
prevented, cautious
price,  cost
pride, lions
prime, peak
primitive, homosapien
prince, royalty
principle,  rule you stand by
print,  put on paper
printed,  did put on paper
prior, before
prioritized,  made important
prison,  full of bad guys
prisoners, caged
private,  personal
prize, award
probabilities, likelyhood
probable, potential
probably,  most likely
problem,  needs a solution
problems,  need solutions
proceeded, ahead
process,  method
processed,  type of meat
processing, compute
procurement, document
produce,  make
produced,  made
producing, make
production,  process of making
productive, successful
products,  things to buy
profession, job
profit,  revenue minus cost
profits, companies
profound, enlightened
program,  software
programmed,  made software
programs,  lots of software
progress,  how far along you are
projected,  made an estimation
prominent, featured
promise, bond
promised, agreement
promises, agreements
promising, agreed to
promote, encourage
promoted,  ranked up
promotion, up
promptly, on time
proof, evidence
propaganda, persuade
properly, correctlty
property,  belongings
proportion, part of
proposal, suggestion
prose,  type of poem
prospect, possibilty
prospective, possible
protect, look after
protected, defend
protein, meat
protest,  strike against
protestant, Irish
proud, glad
prove, motivate
provide,  give
provided,  did give
provision, allowences
psychological, mind
public,  open to people
publication, distribute
publications, distributions
publicity, public
publicized,  made open to people
publicly, display
pull,  drag
pulled,  did drag
pulling, dragginf
pulmonary,  heart
pump,  put petrol
punishment, penalty
pupil, eyes
pupils, classroom
purchase, to buy
purchased,  bought
purely, innocent
purpose,  reason for something
pursuant,in accordance with
pursue, follow
push,  move in a way
pushed,  was moved
puts, place
putting, placing
qualified, trained
qualities, characteristics
quality,  standard of good
quantity, volume
quarrel, disagreement
quarter,  maths
quarters, fractions
quartz,  type of rock
queen,  royalty
question,  asking
questioned, inquire
questioning, inquiring
questionnaire, ask sheet
questions,  asking
quickly,  rushingly
quiet,  being silent
quietly, whisper
quill,  old writing utencil
quilt,  custom blanket
quiver,  shake
quoted, direct speech
rabbit,  animal
rabbits,  animal
race,  type of heritage
races, compete
racial, skin colour
racing,cars
radar, locate
radical, extreme
radio,  AM
rail,  trains
railway,  trains
rain,  precipitation
rainbow,  result of prism of light
raincoat,  fashion item
rainstorm,  violent precipitation
raise, up
raised,  elevated
raising, lifting
rake,  leaves on grass
ranch, cattle
random, not expected
rang, telephone
range,  from x until y
ranging, various
rank, levels
ranks, levvelled
rapid, fast
rare, scarce
rate,  give rating
rather,  not this but that
ratio, demographic
rational, thought
reached,  achieved
reaches, extend
reaching, extending
reaction,  every action has an equal and opposite
reactionary,respond
reactions, responding
read,  books
reader, audience
readers, audiences
readily, prepared
reading,  books
ready,  prepared
real,  actual
realism, facts
realistic, real
realization, acknowledge
really,  actually
rear, back end
reason,  substantiation
reasonably, sense
recall,  call back
receipt,  proof of purchase
received,  got
receives, get
receiving, getting
recent,  not too long ago
recently,  not too long ago
reception, welcome
recess,  school break
recognition, face
recommend, direct
recommendation, directing
recommended,  suggest
reconciled,  made up and are now friends
record,  achievement to beat
recorded, memory
recording, memories
recovery, return
recreation, leisure
recruited,  found and hired
reduced,  made less
reducing, subtract
reduction, subtracting
refer, suggest
referred,  suggested somebody
reflect, to think back
reflected,thinking
reflection,  mirror
reform, change
refrigerator,  keeps it cold
refund, money returns
regarding, in relation to
regardless, despite
regime, ideology
regiment, army
region,  place
regional, geographic
regions, areas
register, record
registered, recorded
registration, process of recording
regret,  remorse
regularly, often
regulations, rules
rehabilitated,  made better
rehabilitation, to change
rejected, turn down
relating, connection
relation,  mother and father
relationships, intimacy
relative, blood line
relatives, next of kin
release, let go
released, letting go of
relevant, matters
reliable, dependable
relieved, at ease
religion,  spiritual belief
religious,  spiritual belief
remain,  stay here
remainder, left over
remark, comment
remarkable, outstanding
remarked, comments
remember,  bring back memory
reminded,to thinnk of
remote, television
removal, get rid of
renaissance, art era
rendered,provide
rent, lease
reorganization,a process
repair, correct
repaired,  fixed
repeat, over again
repeated,  did again
replace, in place of
replacement, substitute
reply, response
report,  information
reported,  journalist
reporter, journalist
reporters, journalism
represent,  ambassador
representative,  ambassador
representatives, diplomat
represented,  ambassador
representing, ideal
represents, put forward
republic,commonwealth
republican, form of government
reputation, legacy
request,  favour
required,  needed
requirement, needed
research,  scientific study
researched,  scientific study
resent,  hate
reserve, hold back
reserved, keep back
residence, housing
residential,  suburbs
residents, urban life
resist, withstand
resistance, withstanding
resolved,  fixed
respect,  something to do to your elders
respectable, hoour
respective, needed
respects, honours
respond,  react
responded, reaction
responsibilities, maturtiy
responsibility,  with great power comes
rest,  respite
restaurant,  place to eat
restored,  refurbished
restrictions, limitations
result,  score
resulted, consequence
resulting, the end of
results,  scores
resumed, too place again
retail, franchises
retained,continue to have
retired, old age
retirement, end of career
retrieved,  fetched
return,  send back
returned,  sent back
returning, come back
returns, coming back
reveal, disclose
revealed,disclosed
reveals, disclosing
revenue,income
reverend, pastor
reviewed,  went over again
revitalized,  refreshed
revolutionary, change
reward,  prize
rhythm,  lyrical weapon
rice,  food
rich,  afluence
riddle,  word game
ride,  go on horse
riding,horses
rifle,  gun
rifles, guns
right,  direction
rigid, not flexible
ring,  item of marriage
rings,  items of marriage
rise,  go up
rises, uplift
risk, challenge
ritual, tradition
river,  body of water
road,  transport requirement
robin,  type of bird
rock,  material of the earth
rocket,  weapon
rocks, solid stone
rode,an anchor
roles, theatre
roll,  round things do this
rolled,  round things did this
romantic, love
roof,  houses have these
room,  found in a house
root,  bottom of grass
roots, origin
rope,  lots of strings together
rose,  flower
rough, not smooth
round,  shape
route,  way to follow
routine, scheduled
royal, not ordinary
ruled, order
ruling,ordering
running,  sprinting
rural, huts
rush, pace
rushed, paces
sack,  holds balls
sacred, holy
sacrifice, offering
saddle, seat
safe,  secure
safety, prevention
said,  did say
sail,  ships do this
sailing, ocean travel
salary, finance
sale, products
sales,  selling department
saline, eye liquad
salt,  NaCl
salvation, saved
same,  not different
samples, examples
sampling, examples
sand,  loam and clay and silt
sandwich,  food
sang, vocals
satisfaction, peace
satisfactory, peaceful
satisfied, enough
sauce, condiment
savage, primitive
save,  do not spend
saved, rescued
saying,  a phrase
scale,  to weigh yourself
scarcely, sparce
scarecrow,  character from wizard of oz
scared, holy
scarf,  clothing item
scattered, all over
scene,  place of things
scenes, visions
scent,  a smell of something
schedule, routine
scheduled,  made time for
scheme, plans
scholars, learners
scholarship, opportunities
school,  place of learning
schools,  places of learning
science,  study of physics
sciences, faculty
scientists,  clever people
scissors,  cuts things
scooter,  vehicle
scope, range
score,  points and leaderboard
screen, interface
screened,  showed movie for the first time
screw,  DIY accessory
searching, looking for
seashore,  by the ocean
season, temporary
seat, furniture
seated, action of rest
second, after 1
secondary, after first
seconds, time
secretary, assistant
secrets, unknown
section, part of
secure, protected
seed, life
seeds, flowers
seeking, looking
seem,  idea of
seen, view
sees, viewing
seized, capture
seldom, rare
select, choose
selection, choosing
self, individual
sell, give
selling, markets
senator, politician
send, give off
senior, matured
sense, idea
sensitivity, careful
sent, given away
sentence, langauge
sentiment, idea
separate, divorced
separated,divorcing
sequence, order
sergeant, official
series, parts of
serious, taken note of
seriously, not funny
servant, submissive
servants,submission
serve, to follow
served, followed
service,action of helping
serving,quantity of food
sessions,deliberate meeting
settle, accept
settled, accepting
settlement, agreed acceptance
seven,number
seventeen, number
seventh, place of order
several, many
severe, dire
sewage, waste
shade, colour
shadow, reflect
shadows, reflections
shake, action
shaking, actions
shall, will do
shame, emotion
shampoo,hair
shape, form
shaped,forming
shapes, formed
shared, to give
shares, giving
sharing, gives
sharp, knife
sharply, cutting
shear, sheep
sheep, wool
sheet, bedding
shelf, storage
shell, beachfront
shelters, place of rest
sheriff, official
shift, move
shining, light
ship, boats
shipping, cargo
ships, transportation
shirt, clothing
shock, reaction
shoe, feet
shoes, foot
shoot, guns
shooting, weapon
shop, consumers
shopping, markets
short, length
shorts, summer
shot, aim
shots, aims
shoulder, body part
shoulders,body parts
shouted, vocal
shouting,vocalised
show, display
shown, displayed
shut, to close
sick, not healthy
side, aspect of
sidewalk, pavement
sighed, expressive
sight, viewing
sign, symbol
signal, indicate
signals,indicating
signed, authorise
silence, response
silent, quiet
silk, material
silver, shiny
similar, almost identical
similarly, like
simple, easy
simply, easier
simultaneously, at the same time
sing, voice
singing, voice
single, one
sink, drop
sister, relative
sisters, sibling
situation, event
situations, events
sixteen, number
sixth,number
sixties, number
sixty,number
size, measure
skate, sport
skill, ability
skilled, ablilites
skin, surface area
skirt, female clothing
skywave,electromagnetic waves
slave, serve
slavery, serving
slaves, inferior
sleep, rest
sleeping, resting
sleet,rain containing ice
slender, thin
slept, sleeping
slid, glide
slide, gliding
slight, barely
slim, thinning
slip, lose grip
slope,one side higher than other
slowly, pace
small, little
smart, intelligence
smash, destroy
smell, nose
smile, positive response
smiled, happy
smiling, happiness
smoke, cigarrette
smooth, even
snail, mollusc
snails, slimy
snake, reptile
snakes, reptiles
snapped, response
sneeze, allegies
snow, cold
soap, washing
soccer, sport
social, interactive
socialism, communism
socialist, russia
societies, lifestyles
society, lifestyle
sock, shoes
soda,cooldrink
sofa, couch
soft, quietly
softly, quiet
soil, sand
sold, buy
soldier, army
soldiers, war
solely, alone
solution, outcome
solutions, outcomes
solve, mystery
solved, outcomes
some, alike
someone, individuals
something, exist
sometimes, exists
somewhat,to a moderate extent
song, lyrical
songs, poetry
sons, fathers
soon, nearly
sophisticated,developed to a high degree
sorry, apologise
sort, reorganise
soul, divine
souls, divinity
sound, ears
sounded, decibal
sounds, volumes
soup, winter
south, polar
southern, direction
sovereignty,supreme power
soviet, political
space, galaxy
spade, gardening
span, area
spare, other
spark, ignite
speak, voice
speaker, communicate
spearheaded,to lead
special, unique
specialists, experts
species, life
specific, particulr
specified, identified
specimen, example
spectacular, amazing
speeches, communicate
speed, pace
spell,  wizard
spend, money
spending, giving money
sphere,round solid figure
spiders, tarantula
spirit, divine
spirits, divinity
splendid, good
split, divide
spoke, voices
spoken, language
sponge, absorb
sponsor, aid
sponsored, look after
spoon, cultery
sports, activity
spot, area
spots, areas
spread,to open out
spring, season
springs, jumps
square, shape
squirrel, nuts
stable, constant
stadium, sports
staff, team
stage, platform
stages, platforms
stained, permament
staining, permanency
stairs, ladder
stake,sum of money
stamp, post
stand, upright
standard, norm
star, space
staring, constant looking
stars, night time
start, begin
started, beginning
startled, scare
state,particular condition
statement, comment
statements, comments
states, say
station, trains
statistics, numbers
stay, remain
steadily, even
steady, evenly
steam, vapour
steel, material
stem, origin
stems, origins
step,an act or movement
stepped,action
stern, assertive
stew, food
stick, nature
sticks, natural
stiff, hard
still, unmoved
stimulated, encourage
stitch, sewing
stock,to record
stockholders, money
stocking, legs
stomach, hunger
stone, hard
stood, upright
stop,  end
stopped, ending
storage, holding
store, keep
stored, keeping
stores, convienience
storm, weather
story, fable
stove, cooking
straight, linear
strain, force
strange, different
stranger, non relative
strategic, plan
strategy, planning
straw, drinking
stream, conitnue
street, outside
strength, iron
strengthened, belief
stressed, response
stresses, factors
stretch, outward
stretched,capability
strictly, discipline
strike, protest
strikes,protesting
string, holding
strip, take off
stroke, heart
strong, muscle
stronger, muscles
strongest, men
strongly, feeling
structural, building
structure, buidings
struggling, difficut
stuck,sharp boject pushed into something
student, learner
students, learners
studio, apartment
study, knowledge
studying, process of learning
stuff, things
stumbled, fall upon
stupid, ignorance
styles, method
subject, learning area
subjected, abide by
submarine, underwater
submarines,underwater machines
submitted, give in
subsequent, actually
substance,  item
substances, items
substantially, large amount
substitute, in place of
substrate,surface where organism lives
subtle, slight
suburban, family
succeeded, getting it right
successes, rewards
successfully, rewarding
succession, in sequence
such,of the type to be mentioned
sudden,  impulse
suddenly,quickly
suffer, torture
suffered, torturous
sufficiently, enough
suffix, end of word
sugar, sweet
suggest, request
suggested,resquesting
suit, formal clothing
suitable, adequate
suitcase, travel
suite, lounge
suited, fits
suits, fitting
summarized, paraphrases
summary, shortened
summer, season
superior, higher than
supervised, watched over
supervision, wached over
supper, dinner time
supplement, in place of
supplied, to give
supplies, ensure
supply, ensuring
support, comfoprt
supported, comforting
suppose, likelyhood
supreme, highest
sure, certain
surely,certainly
surface, cover
surfaces, covers
surplus, more than
surprise, wonder
surprising, wonders
surrender, to give in
surrounded, enclosed
surrounding, environment
survey, poll
surveyed,to look carefully
survival, longevity
survive,continue to live
suspect, alledgedley
suspected,to have an idea
suspended, terminated
sweat, heat
sweater, garment
swept, brooms
swift, ease
swim, water
swimming, pool
swing, activity
switch,  swop
switches, lights
swung, parks
syllables, sounding
symbol, signs
symbolic, sinage
symbols, signals
sympathetic, feelings
sympathy, emotions
symphony, music
system, structure
systematized, ordered
systems, structures
table, flat surface
tables, flat surface
tabulated, columns
tactics, strategy
tail, end
take, remove
taken, removing
tale, story
talent, skill
talents, skills
tales,  stories
talk, communicate
tall, lentgth
tangent,straight line
tangible, concrete
tank, fish
tape, record
target, point
targets, point of focus
tasks, duties
taste, senses
taught, instruct
taxes, government
taxpayers,person who pays taxes
teach, proffession
teacher, career
teaching, proffessional
team, group
teams, groups
tears, sadness
technical, knowledge
technology, innovation
teeth, dentistry
telegraph, communication
telephone, talking
television, visual
tell, messages
telling, message
temper, anger
temperature, warmth
temperatures, warming
temple, worship
temporarily, short lived
temporary, short lived
tend,frequent behaviour
tendency, tenacity
tent, camping
term, school calendar
terms, school calendars
terrible, not wanted
territory, ownership
terror, fear
test, assesments
testament, vouch for
tested, assessed
testimony, account
textile,type of cloth
texture, feeling
than,other
thank, appreciate
thanks, appreciated
that, directed
theater, place of performance
theatre, performance
theological,relating to the study of Theology
theology, study of religions
theoretical, textbooks
theories, ideas
theory, hypothesis
thermal, warmth
thick, depth
thickness, depth
thin, slender
thing, stuff
think, brainpower
thinking, brain activity
thirty, number
thought, idea
thoughts, ideas
thousands, many
thread, cotton
threat, fear
threatened, feared
three, number
thrill, excitement
throat, swallow
throne, royal seat
throughout, entire
throw, action
thrust, forced
thumb, hand
thunder, lightning
thursday, time
thyroid, neck
ticket, movie
tied, fixed
tiger, beast
tight, fixed
time, clock
times, clock
tiny,  small
tire, wheel
tired, rest
tissue, sneeze
title, heading
toad, frog
toast, bread
today, time
toes, feet
together, pair
told, instructed
tomato, vegetable
tomatoes, vegetable
tone, music
tones, music
tongue, mouth
tonight, time of day
tons,  weight
tool, hammer
tools, hammer
tooth, colgate
toothbrush, colgate
toothpaste, colgate
torn, split
tossed, flipped
total, entire
touch, senses
touched, sense
tough, difficult
tour, visit
tournament, competition
toward, direction
town, urban
towns, urbanised
toys, playtime
trace, locate
track, locating
tractor, vehichle
trade, barter
traders, merchants
traditions, custom
traffic, vehicles
tragedy, disaster
trail, pathway
train, transport
trained, qualified
training, qualifications
tramp, step on
transfer, passed
transferred, passed
transformation, changing
transformed, change
transition, change
translated, another language
transport, traffic
transportation, traffic
trap, pitfall
travel, places
traveled, places
tray, waiter
treasury, exchequer
treat, sweet
treatment, cure
treaty, agreement
tree, wood
trees, wood
trembling,result of anxiety
tremendous, huge
trend, general direction
trends, general direction
trial, judge
trials, judge
triangle, shape
tribute, tax
trick, prank
tried, tested
trim, clip
trip, journey
trips, journey
triumph, victory
troops, army
trouble, worry
troubled, problems
troubles, worry
troubleshooting, Solve
trousers, pants
truck, vehicle
trucks,vehicles
TRUE, fact
trust, faith
trustees, persons of trust
truth, fact
trying, attempt
tsunami, big wave
tubes,hollow cylinder
turkey, thanksgiving bird
turn, wheels
turned, wheels
turns, wheel
twelve, dozen
twentieth,number
twenty, age
twig, wood
twist, bent
type,category
types,categories
ugly, not attractive
ultimately,end result
umbrella, rain
unable, cannot do
uncertain, not sure
uncle, father's brother
unconscious, not aware
under, beneath
underground, beneath
understand, comprehend
understanding, comprehension
underwear, private clothing
undoubtedly, absolutley
uneasy, not comfortable
unexpected, surprise
unfortunate, pity
unhappy, sad
uniform, clothes
union, joining
unit, item
united, combined
universal, global
universities, study
university, study
unknown, anxiety
unlike, not likely
until, waiting
upgraded, new
upstairs, double story
upward, height
urban, city life
urethane,synthetic crystalline compound
urge, force
urged, forcing
urgent, quick
used, make use of
utility, make use of
utopia, perfect place
utopian, perfect person
vacation, holiday
vacuum, cleaner
vague, not clear
valid, true
validated, affirm
valuable, precious
value,of importance
variable,feature subject to change
variables,features subject to change
variation,a change or slight difference
various, different
vary,change from a conditino
varying,changes from a condition
vase, flowers
vegetable, cabbage
vehicle, car
vehicles, cars
veil,material used to cover face
vein,blood circulation tube
velocity, speed
venture,to explore
verb, action
verbal,words
verbs, actions
verse, chorus
version,a description or acount
very,used for emphasis
vessel,large boat
vest, no sleeves
veteran, experience
vice,wicked behaviour
victim, killed
victims, killed
victor, defeats
view, see
viewed, see
views, see
vigorous,full of energy
village, small town
violence, fight
violent,use of physical force
virgin,innocence
virtually,almost
virtue,high moral standards
visible, can see
visit,to pop in
visitor,person visiting
visitors,people visiting
visual, see
vivid,clear images of the mind
voice, sing
voices, sing
volcano, mountain
volleyball, play
volume,a single book
voluntary, help
volunteers, help
voted, election
voters, election
votes, election
voting, election
vowel, letter
voyage, travel
vulture,large bird of prey
wages, money
wagon,a vehicle
wait, stop
waiting, patients
wake, sleep
walk, legs
walked,action
walking, legs
wall,boundary
want,desire
wanted, bandit
ward, hospital
warfare, weapons
warm, sun
warmth, heat
warned,informed
warning,informing
warrant, police
wars, fighting
wash, clean
washed, clean
washing, clean
wasnt,is not
waste,used carelessly
watch,observing
water, drink
waters, drink
wave, sea
waves, sea
ways,path
weak, small
weakness,lack of strength
wealth, money
weapon, hurt
wear, cloths
wearing, hat
weather, rain
wedding, marry
week, time
weekend, saturday
weekly, time period
weeks, time
weight, fat
welcome, home
welfare,fortunes of individuals
well,satisfactory way
went,gone
west, direction
western,way of life
whale, sea animal
what,question
whatever,non committal
wheel,vehicle
wheels,vehicles
when,timing
whenever,anytime
where,question
whereas,versus
whereby,by which
wherever,anywhere
whether,options
which,specifics
while,period of time
whip, cream
whisky, drink
whispered, soft
whistle, blow
white, colour
whole, all
wholly, all
whom,to who
whose,belonging to
wide, fat
widely, common
widespread, almost everyone
widow, husband death
wife, women
wild, natural
wilderness, uninhabited
wildlife, animals
wildly, extreme
will,intention
wind, tornado
window, house
windows, house
winds, tornado
wine, glass
wines, glass
wing, plane
wings, plane
winning, games
winter, season
wiped, clean
wire, electric
wisdom, experience
wise, experience
wish, hope
wished, hope
wishes, hope
with,alongside
within, inside
without, absence
witness, courtroom
witnesses, courtroom
wives, married
woman, female
women, female
wonder, thought
wonderful, great
wondering, thinking
wood, burn
wooden, furniture
woodruff, plant
woods, trees
wool, clothes
word, sentence
words, speech
work, employed
worked, employed
worker,pay
workers, pay
working, paid
workshop, manufactured
world, earth
worm, crawling
worn, shabby
worried, troubles
worries, trouble
worse, bad
worship, pray
worst, bad
worthy, Deserving
would, can
wound, sore
wounded, pain
wrench, sprain
wright, builder
wrist, hand
write, pen
writer, books
writes, books
writing, books
written, books
wrong, right
wrote, books
xylophone, music
yacht, boat
yard, back
yarn, knitting
year, time
years, age
yelled, loud
yellow, colour
yield, give
yoke, egg
young, child
younger, less years
youngsters, child
yourself, I
zephyr, gentle breeze
zero, empty
zinc, element
zipper, Fasten
absolutistic,one ruler
abstentious,self-restraining
accessorise,wear items
accouplement,union
achromatism,free of colors
acrocarpous,In botany
actinouranium,Uranium-235
adolescence,onset of puberty
adversative,opposition
advisability,expedient
affectionate,tender
affectionless,unfeeling
agreeability,easiness of disposition
aluminiferous,metal
ambassadorship,post/position
anachronous,out of date
anaesthesiologist,medical profession
anagrammatical,reordering letters
animadversion,Strong criticism
anisometric,unequal
annihilatory,destroy
anomalistic,irregular
anthropophagite,man-eater
anticipator,seer
antimalarial,drug
antimetabolite,cancer drug
antiperiplanar,transoid
apocynthion,orbit
aposiopesis,rhetorical device
araliaceous,fishbone-tree
